rank, name, score(2JHC), score(1JHC), score(3JHH), score(3JHC), score(2JHH), score(1JHN), score(3JHN), score(2JHN), scores(total)
E*, Individual Ensemble, -0.433, -0.297, -0.507, -0.421, -0.515, -0.332, -0.485, -0.463, -3.453
E, Single Ensemble, -0.432, -0.296, -0.502, -0.418, -0.509, -0.311, -0.483, -0.463, -3.414
1, hybrid, -0.410, -0.284, -0.477, -0.400, -0.477, -0.288, -0.464, -0.440, -3.241
2, Quantum Uncertainty, -0.410, -0.277, -0.474, -0.394, -0.458, -0.291, -0.472, -0.450, -3.226
3, [kakr] Solve chem together, -0.411, -0.269, -0.488, -0.397, -0.480, -0.244, -0.461, -0.443, -3.193
4, Hyperspatial Engineers, -0.401, -0.267, -0.470, -0.390, -0.482, -0.286, -0.455, -0.433, -3.184
5, DL guys, -0.400, -0.275, -0.452, -0.387, -0.468, -0.289, -0.450, -0.428, -3.149
6, Robin N, -0.381, -0.256, -0.431, -0.369, -0.461, -0.307, -0.428, -0.412, -3.046
7, Pinkman Chemistry Lab, -0.376, -0.229, -0.439, -0.371, -0.456, -0.301, -0.443, -0.417, -3.031
8, 4 GM and the brain, -0.373, -0.260, -0.425, -0.357, -0.457, -0.281, -0.433, -0.419, -3.004
9, Jaechang Lim, -0.367, -0.250, -0.436, -0.342, -0.468, -0.277, -0.425, -0.410, -2.974
10, Kha Zidmie Josh Kyle Akira, -0.372, -0.258, -0.398, -0.327, -0.463, -0.299, -0.419, -0.420, -2.955
11, jacobkie, -0.364, -0.237, -0.425, -0.344, -0.452, -0.281, -0.427, -0.408, -2.937
12, Team Bird Brain, -0.357, -0.221, -0.444, -0.336, -0.448, -0.278, -0.437, -0.414, -2.936
13, KM, -0.345, -0.234, -0.432, -0.329, -0.466, -0.284, -0.422, -0.411, -2.922
14, Squid, -0.350, -0.229, -0.433, -0.318, -0.460, -0.276, -0.427, -0.415, -2.909
15, Bra Ket, -0.350, -0.220, -0.432, -0.335, -0.446, -0.273, -0.419, -0.400, -2.876
16, , -0.357, -0.222, -0.438, -0.348, -0.432, -0.231, -0.424, -0.391, -2.842
17, On arriiiiiiive, -0.353, -0.239, -0.411, -0.336, -0.428, -0.281, -0.394, -0.387, -2.829
18, TUM KDD, -0.356, -0.229, -0.395, -0.343, -0.418, -0.276, -0.407, -0.388, -2.811
19, toshi_k, -0.354, -0.235, -0.407, -0.342, -0.420, -0.267, -0.400, -0.383, -2.809
20, K V Z F O, -0.328, -0.214, -0.408, -0.316, -0.414, -0.258, -0.406, -0.386, -2.729
21, sweet, -0.340, -0.236, -0.383, -0.321, -0.398, -0.258, -0.382, -0.376, -2.694
22, Vanilla SchNet Tony Y, -0.321, -0.218, -0.412, -0.300, -0.410, -0.264, -0.391, -0.376, -2.692
23, fugusuki, -0.308, -0.180, -0.389, -0.279, -0.424, -0.258, -0.413, -0.397, -2.647
24, haha nice, -0.333, -0.188, -0.393, -0.336, -0.383, -0.213, -0.416, -0.374, -2.634
25, daimaru, -0.318, -0.185, -0.381, -0.295, -0.414, -0.251, -0.402, -0.386, -2.631
26, bananas, -0.304, -0.176, -0.378, -0.288, -0.389, -0.257, -0.424, -0.396, -2.613
27, Twins, -0.344, -0.192, -0.379, -0.332, -0.355, -0.196, -0.395, -0.377, -2.571
28, Walter White, -0.322, -0.196, -0.339, -0.275, -0.399, -0.272, -0.385, -0.377, -2.564
29, paohinokkynyanpShun_PIcolun, -0.304, -0.190, -0.371, -0.293, -0.389, -0.242, -0.383, -0.358, -2.531
30, QuMantum Field Theory, -0.329, -0.186, -0.343, -0.304, -0.387, -0.241, -0.377, -0.351, -2.518
31, hklee, -0.286, -0.173, -0.354, -0.273, -0.393, -0.261, -0.400, -0.372, -2.512
32, Mike, -0.299, -0.183, -0.370, -0.302, -0.386, -0.233, -0.381, -0.344, -2.500
33, Rapidsai Clara, -0.317, -0.178, -0.352, -0.297, -0.368, -0.229, -0.390, -0.364, -2.495
34, Transformers, -0.300, -0.172, -0.364, -0.303, -0.366, -0.231, -0.391, -0.355, -2.481
35, Alamjeet Singh, -0.324, -0.173, -0.394, -0.211, -0.389, -0.187, -0.408, -0.375, -2.461
36, C14H9Cl5, -0.292, -0.194, -0.351, -0.279, -0.383, -0.245, -0.362, -0.348, -2.453
37, CHIMPS, -0.290, -0.179, -0.343, -0.269, -0.383, -0.244, -0.370, -0.351, -2.428
38, , -0.306, -0.185, -0.353, -0.300, -0.347, -0.203, -0.381, -0.350, -2.425
39, Support Vector Machines or else, -0.295, -0.182, -0.335, -0.289, -0.363, -0.247, -0.363, -0.348, -2.422
40, DavidTen, -0.320, -0.205, -0.321, -0.264, -0.346, -0.209, -0.380, -0.369, -2.413
41, naknak, -0.286, -0.153, -0.366, -0.277, -0.382, -0.200, -0.371, -0.341, -2.376
42, The meme team, -0.284, -0.174, -0.337, -0.269, -0.358, -0.235, -0.366, -0.345, -2.368
43, 2 Experts and the farmer, -0.285, -0.160, -0.341, -0.283, -0.346, -0.230, -0.364, -0.337, -2.346
44, Eureka, -0.301, -0.190, -0.334, -0.164, -0.361, -0.230, -0.360, -0.343, -2.283
45, ML kickoff, -0.277, -0.166, -0.328, -0.259, -0.343, -0.229, -0.361, -0.340, -2.302
46, Sebastian Dick, -0.266, -0.164, -0.323, -0.240, -0.356, -0.232, -0.371, -0.349, -2.301
47, WaterWater, -0.286, -0.199, -0.320, -0.267, -0.358, -0.227, -0.326, -0.316, -2.300
48, Fukyouwaon, -0.273, -0.177, -0.331, -0.261, -0.352, -0.231, -0.338, -0.319, -2.282
49, slider, -0.281, -0.173, -0.318, -0.272, -0.349, -0.228, -0.337, -0.325, -2.284
50, GaoYL, -0.269, -0.166, -0.338, -0.253, -0.341, -0.220, -0.354, -0.337, -2.279
51, [odsai] Feature Engineered No GNN, -0.269, -0.149, -0.329, -0.277, -0.341, -0.221, -0.358, -0.326, -2.269
52, Zhuang Jia, -0.268, -0.145, -0.336, -0.254, -0.344, -0.209, -0.358, -0.333, -2.246
53, Mickey, -0.273, -0.147, -0.323, -0.249, -0.356, -0.210, -0.360, -0.326, -2.243
54, daijin12, -0.271, -0.161, -0.324, -0.262, -0.340, -0.219, -0.341, -0.322, -2.242
55, Optimo, -0.280, -0.153, -0.335, -0.264, -0.318, -0.178, -0.369, -0.337, -2.234
56, julianmukaj, -0.274, -0.182, -0.315, -0.249, -0.352, -0.225, -0.314, -0.314, -2.225
57, Fools Gold, -0.280, -0.132, -0.328, -0.258, -0.351, -0.208, -0.350, -0.311, -2.218
58, Hung, -0.268, -0.132, -0.327, -0.245, -0.349, -0.216, -0.352, -0.331, -2.221
59, [odsai] Anton Bazdyrev, -0.266, -0.132, -0.323, -0.244, -0.350, -0.210, -0.350, -0.333, -2.209
60, Vicens Gaitan No QM9, -0.268, -0.163, -0.317, -0.251, -0.332, -0.212, -0.343, -0.317, -2.204
61, Kernel_Master, -0.253, -0.148, -0.320, -0.246, -0.336, -0.220, -0.352, -0.325, -2.198
62, Ashesh, -0.258, -0.145, -0.319, -0.257, -0.329, -0.206, -0.361, -0.320, -2.194
63, los pollos has status running, -0.252, -0.149, -0.314, -0.248, -0.343, -0.228, -0.338, -0.320, -2.192
64, Peppermint, -0.267, -0.172, -0.310, -0.251, -0.339, -0.221, -0.323, -0.308, -2.190
65, gaowh95, -0.272, -0.193, -0.301, -0.250, -0.347, -0.216, -0.303, -0.298, -2.179
66, J arrive paaaas, -0.263, -0.160, -0.314, -0.244, -0.332, -0.219, -0.332, -0.319, -2.181
67, Youri Matiounine, -0.254, -0.126, -0.330, -0.256, -0.329, -0.216, -0.355, -0.312, -2.178
68, Chemical Brothers, -0.266, -0.157, -0.308, -0.250, -0.343, -0.211, -0.330, -0.311, -2.175
69, canorbal shakhrayv [odsai], -0.260, -0.159, -0.313, -0.244, -0.331, -0.216, -0.337, -0.318, -2.177
70, Aleksandr Kosolapov, -0.264, -0.155, -0.309, -0.242, -0.328, -0.211, -0.343, -0.324, -2.176
71, Pastuhi i Gus, -0.269, -0.119, -0.315, -0.256, -0.342, -0.199, -0.349, -0.325, -2.174
72, lesc, -0.264, -0.157, -0.307, -0.241, -0.326, -0.212, -0.341, -0.323, -2.172
73, tomo20180402, -0.259, -0.116, -0.320, -0.240, -0.343, -0.215, -0.350, -0.326, -2.170
74, Altered Carbon, -0.247, -0.120, -0.321, -0.247, -0.330, -0.224, -0.353, -0.323, -2.167
75, Philippe Lonjoux, -0.254, -0.138, -0.307, -0.249, -0.340, -0.215, -0.348, -0.313, -2.163
76, Don Hector Salamanca, -0.257, -0.154, -0.308, -0.245, -0.342, -0.221, -0.323, -0.311, -2.161
77, Ian M, -0.261, -0.132, -0.314, -0.261, -0.309, -0.208, -0.357, -0.318, -2.161
78, CrystalBallpredict, -0.252, -0.137, -0.303, -0.251, -0.342, -0.219, -0.341, -0.317, -2.161
79, Aindri, -0.264, -0.156, -0.310, -0.248, -0.333, -0.215, -0.323, -0.309, -2.157
80, Manel, -0.266, -0.154, -0.315, -0.246, -0.332, -0.207, -0.316, -0.314, -2.150
81, FabienDaniel, -0.256, -0.124, -0.312, -0.233, -0.323, -0.229, -0.347, -0.322, -2.146
82, BondJamesBond, -0.258, -0.129, -0.319, -0.252, -0.324, -0.204, -0.345, -0.316, -2.147
83, Little kekules, -0.250, -0.139, -0.309, -0.241, -0.318, -0.211, -0.351, -0.329, -2.148
84, UpUpUp, -0.249, -0.124, -0.315, -0.244, -0.331, -0.210, -0.354, -0.319, -2.145
85, Time to sleep, -0.258, -0.138, -0.314, -0.251, -0.323, -0.207, -0.344, -0.310, -2.144
86, XY, -0.257, -0.139, -0.315, -0.254, -0.333, -0.203, -0.336, -0.306, -2.142
87, Sora, -0.253, -0.142, -0.313, -0.233, -0.322, -0.204, -0.349, -0.328, -2.144
88, [odsai] Vladislav Bakhteev, -0.259, -0.152, -0.304, -0.238, -0.323, -0.211, -0.336, -0.319, -2.142
89, 30CrMnSiA, -0.247, -0.124, -0.307, -0.244, -0.328, -0.221, -0.352, -0.320, -2.141
90, Love is a Parasite, -0.250, -0.122, -0.315, -0.259, -0.338, -0.205, -0.344, -0.307, -2.140
91, adityasinha, -0.258, -0.156, -0.310, -0.249, -0.330, -0.201, -0.326, -0.305, -2.135
92, WillZhong, -0.248, -0.107, -0.322, -0.256, -0.323, -0.207, -0.355, -0.318, -2.137
93, LetsPlay, -0.239, -0.121, -0.318, -0.246, -0.329, -0.212, -0.346, -0.320, -2.131
94, MykJimFafHar, -0.250, -0.133, -0.305, -0.246, -0.327, -0.212, -0.338, -0.314, -2.124
95, [skydisc]wangzhaoxu, -0.245, -0.131, -0.305, -0.240, -0.337, -0.213, -0.335, -0.311, -2.119
96, JuntaroMatsumoto, -0.253, -0.136, -0.315, -0.242, -0.320, -0.202, -0.340, -0.310, -2.117
97, 42ATC, -0.249, -0.140, -0.308, -0.239, -0.340, -0.216, -0.317, -0.304, -2.113
98, Mike Zhu, -0.250, -0.108, -0.316, -0.234, -0.334, -0.208, -0.343, -0.318, -2.112
99, MoleculesLearning, -0.259, -0.149, -0.313, -0.250, -0.318, -0.175, -0.338, -0.308, -2.111
100, Noise_A, -0.244, -0.106, -0.305, -0.227, -0.328, -0.211, -0.352, -0.329, -2.101
101, Turbo, -0.250, -0.144, -0.302, -0.232, -0.332, -0.222, -0.312, -0.302, -2.096
102, Heng Zheng, -0.252, -0.145, -0.308, -0.241, -0.330, -0.210, -0.324, -0.286, -2.095
103, wayward molecules, -0.253, -0.117, -0.314, -0.250, -0.314, -0.189, -0.344, -0.311, -2.091
104, Vadym, -0.244, -0.146, -0.303, -0.232, -0.334, -0.217, -0.314, -0.300, -2.090
105, Hugues, -0.243, -0.119, -0.306, -0.245, -0.308, -0.205, -0.353, -0.309, -2.088
106, LiDer, -0.253, -0.126, -0.309, -0.256, -0.293, -0.191, -0.343, -0.317, -2.088
107, jaleto, -0.259, -0.175, -0.286, -0.235, -0.322, -0.201, -0.306, -0.299, -2.084
108, CoffeeEveryday, -0.255, -0.147, -0.299, -0.238, -0.322, -0.207, -0.309, -0.301, -2.077
109, Antonio Sergio, -0.240, -0.128, -0.301, -0.231, -0.326, -0.214, -0.329, -0.308, -2.076
110, somnambWl, -0.242, -0.118, -0.311, -0.232, -0.322, -0.197, -0.340, -0.311, -2.074
111, TYYang, -0.251, -0.144, -0.299, -0.234, -0.326, -0.209, -0.312, -0.298, -2.073
112, chemistry, -0.240, -0.114, -0.304, -0.225, -0.333, -0.218, -0.326, -0.311, -2.069
113, tkg, -0.253, -0.133, -0.302, -0.239, -0.330, -0.179, -0.326, -0.309, -2.071
114, Molecular man, -0.246, -0.121, -0.306, -0.237, -0.325, -0.199, -0.329, -0.304, -2.067
115, MartinChobanyan, -0.264, -0.155, -0.227, -0.216, -0.346, -0.180, -0.348, -0.332, -2.068
116, Helgi, -0.241, -0.117, -0.311, -0.227, -0.318, -0.206, -0.333, -0.313, -2.066
117, 6 CHAMPionS, -0.234, -0.114, -0.317, -0.231, -0.328, -0.200, -0.335, -0.305, -2.065
118, Stephen Foster, -0.250, -0.152, -0.291, -0.231, -0.327, -0.213, -0.304, -0.294, -2.063
119, physyuki, -0.246, -0.117, -0.307, -0.228, -0.311, -0.204, -0.337, -0.311, -2.062
120, Yuko Ishizaki, -0.246, -0.150, -0.300, -0.232, -0.315, -0.194, -0.320, -0.304, -2.062
121, XiaokangWang, -0.260, -0.138, -0.278, -0.228, -0.309, -0.171, -0.344, -0.326, -2.053
122, SimonChen, -0.242, -0.126, -0.303, -0.237, -0.316, -0.195, -0.331, -0.305, -2.055
123, Andy Atkinson, -0.243, -0.119, -0.303, -0.225, -0.313, -0.198, -0.337, -0.316, -2.053
124, MA Junyi, -0.240, -0.123, -0.301, -0.227, -0.319, -0.212, -0.325, -0.306, -2.053
125, Ubique, -0.243, -0.118, -0.304, -0.240, -0.311, -0.195, -0.335, -0.308, -2.053
126, LightGBM, -0.236, -0.117, -0.302, -0.229, -0.325, -0.205, -0.330, -0.307, -2.051
127, snovik, -0.239, -0.118, -0.301, -0.241, -0.305, -0.199, -0.335, -0.308, -2.047
128, [odsai] Mihail Parushkin, -0.236, -0.114, -0.301, -0.235, -0.312, -0.206, -0.338, -0.305, -2.046
129, Jordi Z, -0.246, -0.110, -0.300, -0.247, -0.307, -0.184, -0.342, -0.305, -2.041
130, Morphy, -0.235, -0.122, -0.297, -0.226, -0.323, -0.206, -0.326, -0.307, -2.041
131, TNT, -0.238, -0.132, -0.298, -0.221, -0.317, -0.208, -0.321, -0.302, -2.039
132, AnhMeow, -0.236, -0.112, -0.296, -0.229, -0.323, -0.204, -0.331, -0.304, -2.036
133, lHou, -0.239, -0.111, -0.302, -0.238, -0.304, -0.197, -0.339, -0.306, -2.036
134, Charlie, -0.248, -0.150, -0.290, -0.231, -0.321, -0.203, -0.300, -0.289, -2.033
135, RezaV, -0.236, -0.137, -0.296, -0.230, -0.304, -0.197, -0.334, -0.300, -2.035
136, mhviraf, -0.234, -0.113, -0.296, -0.219, -0.334, -0.219, -0.316, -0.302, -2.033
137, [odsai] GuineaPigAndGoose, -0.245, -0.110, -0.301, -0.228, -0.312, -0.187, -0.336, -0.314, -2.032
138, Goose, -0.241, -0.123, -0.294, -0.242, -0.297, -0.208, -0.326, -0.299, -2.030
139, Evgeny Rakcheev, -0.237, -0.099, -0.301, -0.220, -0.327, -0.195, -0.336, -0.314, -2.029
140, cinco, -0.234, -0.128, -0.296, -0.236, -0.316, -0.198, -0.334, -0.287, -2.029
141, 12345, -0.234, -0.099, -0.304, -0.220, -0.319, -0.197, -0.338, -0.313, -2.024
142, KongliangYu, -0.239, -0.126, -0.298, -0.227, -0.318, -0.197, -0.321, -0.300, -2.026
143, master, -0.236, -0.127, -0.298, -0.220, -0.316, -0.205, -0.321, -0.302, -2.025
144, Venki Anand, -0.236, -0.113, -0.294, -0.223, -0.325, -0.206, -0.325, -0.303, -2.025
145, Elahi, -0.232, -0.115, -0.308, -0.221, -0.314, -0.176, -0.342, -0.317, -2.025
146, songkai_quantum, -0.232, -0.111, -0.296, -0.227, -0.317, -0.203, -0.331, -0.302, -2.020
147, R MAT, -0.234, -0.113, -0.300, -0.228, -0.320, -0.196, -0.330, -0.297, -2.018
148, attic, -0.244, -0.095, -0.292, -0.240, -0.298, -0.178, -0.358, -0.314, -2.019
149, takunishino, -0.239, -0.119, -0.297, -0.229, -0.313, -0.198, -0.322, -0.302, -2.018
150, SPQR [odsai], -0.244, -0.141, -0.278, -0.194, -0.335, -0.203, -0.317, -0.308, -2.019
151, [odsai] il_buono, -0.233, -0.120, -0.297, -0.224, -0.323, -0.200, -0.322, -0.297, -2.014
152, , -0.241, -0.115, -0.299, -0.234, -0.300, -0.193, -0.333, -0.297, -2.012
153, Buffalo Spdwy, -0.233, -0.113, -0.302, -0.227, -0.316, -0.196, -0.330, -0.294, -2.010
154, tknr, -0.228, -0.113, -0.301, -0.225, -0.316, -0.199, -0.326, -0.299, -2.009
155, [odsai] belgraviton, -0.241, -0.130, -0.292, -0.225, -0.314, -0.201, -0.309, -0.295, -2.008
156, Yi23333, -0.236, -0.120, -0.300, -0.230, -0.300, -0.201, -0.323, -0.299, -2.008
157, [odsai] Vladimir Larin, -0.245, -0.145, -0.284, -0.222, -0.310, -0.186, -0.316, -0.299, -2.008
158, dn, -0.247, -0.103, -0.308, -0.242, -0.300, -0.169, -0.342, -0.296, -2.007
159, ML_Bear, -0.234, -0.109, -0.297, -0.229, -0.312, -0.195, -0.326, -0.296, -1.998
160, emon, -0.235, -0.109, -0.297, -0.229, -0.311, -0.188, -0.330, -0.295, -1.996
161, sergey5, -0.241, -0.119, -0.288, -0.232, -0.310, -0.183, -0.324, -0.294, -1.991
162, YaGana SheriffHussaini, -0.233, -0.106, -0.297, -0.224, -0.310, -0.191, -0.326, -0.303, -1.989
163, Boris Silantev, -0.223, -0.106, -0.313, -0.226, -0.305, -0.185, -0.338, -0.292, -1.988
164, Joglife Tan, -0.221, -0.112, -0.291, -0.238, -0.307, -0.179, -0.342, -0.298, -1.987
165, you1010kawa, -0.227, -0.104, -0.296, -0.222, -0.315, -0.192, -0.327, -0.301, -1.985
166, Ryota, -0.230, -0.143, -0.288, -0.217, -0.309, -0.199, -0.307, -0.291, -1.984
167, mandarinente, -0.228, -0.107, -0.302, -0.221, -0.302, -0.194, -0.329, -0.303, -1.985
168, ML for CHAMPS, -0.228, -0.107, -0.293, -0.221, -0.306, -0.197, -0.328, -0.301, -1.982
169, H20, -0.223, -0.099, -0.289, -0.215, -0.290, -0.199, -0.348, -0.315, -1.979
170, Yoshihiro Zhongliang, -0.233, -0.115, -0.294, -0.225, -0.304, -0.186, -0.321, -0.297, -1.975
171, atomic_kitchen, -0.240, -0.093, -0.301, -0.239, -0.287, -0.175, -0.335, -0.303, -1.973
172, ykskks, -0.238, -0.115, -0.291, -0.231, -0.298, -0.188, -0.319, -0.295, -1.974
173, Takuya Batake, -0.230, -0.112, -0.294, -0.218, -0.313, -0.191, -0.318, -0.296, -1.973
174, who needs chemistry knowledge, -0.232, -0.104, -0.298, -0.228, -0.297, -0.179, -0.335, -0.302, -1.972
175, bye, -0.229, -0.110, -0.294, -0.220, -0.309, -0.197, -0.316, -0.296, -1.972
176, Khalil S, -0.225, -0.101, -0.297, -0.235, -0.295, -0.182, -0.339, -0.300, -1.972
177, Autumnn, -0.232, -0.092, -0.296, -0.230, -0.295, -0.181, -0.337, -0.306, -1.969
178, firstbloodY, -0.227, -0.112, -0.295, -0.222, -0.299, -0.196, -0.325, -0.294, -1.969
179, Riza Isik, -0.221, -0.101, -0.292, -0.209, -0.317, -0.199, -0.326, -0.304, -1.969
180, GurchetanSingh, -0.237, -0.082, -0.306, -0.238, -0.311, -0.175, -0.329, -0.289, -1.967
181, Ahmed Mohy, -0.233, -0.097, -0.298, -0.227, -0.299, -0.181, -0.329, -0.302, -1.967
182, BX, -0.225, -0.106, -0.296, -0.214, -0.311, -0.194, -0.321, -0.299, -1.966
183, Soonhwan Kwon, -0.234, -0.125, -0.280, -0.214, -0.309, -0.192, -0.315, -0.296, -1.966
184, patcruzchoihaostarsOfyou, -0.227, -0.110, -0.292, -0.217, -0.313, -0.194, -0.318, -0.296, -1.966
185, yeonmin, -0.231, -0.106, -0.294, -0.217, -0.306, -0.185, -0.326, -0.299, -1.964
186, Karsten Tiemann, -0.226, -0.103, -0.295, -0.216, -0.308, -0.191, -0.326, -0.298, -1.963
187, EvgenyG, -0.235, -0.101, -0.283, -0.207, -0.314, -0.196, -0.320, -0.306, -1.962
188, molatomic, -0.229, -0.108, -0.294, -0.220, -0.303, -0.184, -0.322, -0.297, -1.957
189, [dbchainai]Ly, -0.226, -0.114, -0.291, -0.209, -0.309, -0.194, -0.317, -0.296, -1.957
190, RandomGuy, -0.226, -0.098, -0.298, -0.217, -0.297, -0.186, -0.329, -0.306, -1.957
191, dan1234 [odsai], -0.240, -0.103, -0.291, -0.204, -0.300, -0.188, -0.324, -0.303, -1.954
192, MG_SIR, -0.229, -0.110, -0.288, -0.217, -0.301, -0.193, -0.320, -0.298, -1.956
193, SumiKagglers, -0.223, -0.098, -0.294, -0.215, -0.309, -0.189, -0.326, -0.302, -1.955
194, Dondon2019, -0.213, -0.082, -0.305, -0.234, -0.311, -0.184, -0.342, -0.284, -1.955
195, leizhanggame, -0.228, -0.101, -0.292, -0.216, -0.302, -0.181, -0.330, -0.304, -1.954
196, mewmew333, -0.226, -0.107, -0.292, -0.216, -0.307, -0.189, -0.320, -0.296, -1.951
197, jinjingxu, -0.226, -0.107, -0.292, -0.216, -0.307, -0.188, -0.320, -0.296, -1.951
198, rpeer, -0.232, -0.089, -0.290, -0.208, -0.320, -0.204, -0.325, -0.289, -1.956
199, kimkim666, -0.225, -0.107, -0.291, -0.215, -0.307, -0.189, -0.319, -0.295, -1.950
200, mobmob393, -0.225, -0.107, -0.291, -0.215, -0.307, -0.189, -0.319, -0.295, -1.950
201, Data O Plomo, -0.222, -0.099, -0.292, -0.216, -0.297, -0.191, -0.330, -0.302, -1.949
202, EdgarPE, -0.230, -0.101, -0.293, -0.223, -0.308, -0.180, -0.323, -0.293, -1.952
203, mashdi, -0.224, -0.103, -0.293, -0.214, -0.308, -0.192, -0.318, -0.296, -1.948
204, Simon S, -0.228, -0.116, -0.292, -0.213, -0.303, -0.193, -0.317, -0.283, -1.945
205, Molecular Regressor, -0.223, -0.110, -0.287, -0.212, -0.310, -0.196, -0.314, -0.294, -1.945
206, lukaszl, -0.222, -0.102, -0.296, -0.207, -0.297, -0.190, -0.326, -0.303, -1.944
207, Marcelo Tamashiro, -0.220, -0.102, -0.290, -0.215, -0.300, -0.190, -0.324, -0.302, -1.943
208, C2H5OH, -0.226, -0.102, -0.286, -0.212, -0.301, -0.198, -0.328, -0.291, -1.942
209, hjuinj, -0.224, -0.095, -0.295, -0.215, -0.300, -0.184, -0.326, -0.303, -1.942
210, Navi222(Unknown format), -0.244, -0.113, -0.301, -0.235, -0.300, -0.132, -0.326, -0.290, -1.942
211, arunpoochelvanai, -0.234, -0.079, -0.289, -0.217, -0.309, -0.197, -0.328, -0.289, -1.942
212, mrxnew, -0.232, -0.110, -0.296, -0.218, -0.287, -0.186, -0.320, -0.290, -1.939
213, [odsai] Rexhaif, -0.222, -0.101, -0.291, -0.211, -0.305, -0.186, -0.322, -0.299, -1.938
214, Rose Merried, -0.227, -0.110, -0.290, -0.213, -0.307, -0.182, -0.315, -0.294, -1.938
215, Nivetha Poochelvan, -0.234, -0.079, -0.289, -0.214, -0.309, -0.197, -0.328, -0.289, -1.940
217, wen hao, -0.224, -0.103, -0.288, -0.213, -0.305, -0.191, -0.320, -0.292, -1.936
218, a1178615156, -0.223, -0.107, -0.287, -0.210, -0.298, -0.192, -0.319, -0.297, -1.933
219, andrekos, -0.221, -0.102, -0.289, -0.208, -0.305, -0.189, -0.317, -0.297, -1.930
220, John Kyvetos, -0.210, -0.098, -0.289, -0.206, -0.302, -0.200, -0.325, -0.301, -1.931
221, Ziteng, -0.223, -0.110, -0.285, -0.208, -0.304, -0.190, -0.315, -0.294, -1.930
222, Just Me, -0.231, -0.105, -0.283, -0.216, -0.297, -0.187, -0.318, -0.293, -1.930
223, AlexKoch, -0.213, -0.099, -0.292, -0.212, -0.305, -0.185, -0.322, -0.300, -1.928
224, Tomoya Horiuchi, -0.228, -0.099, -0.294, -0.222, -0.293, -0.179, -0.323, -0.289, -1.928
225, CV_qishao, -0.227, -0.101, -0.292, -0.213, -0.302, -0.179, -0.318, -0.297, -1.928
226, Germanpotato, -0.226, -0.132, -0.284, -0.213, -0.294, -0.187, -0.306, -0.286, -1.927
227, Jacob, -0.227, -0.096, -0.293, -0.217, -0.302, -0.179, -0.316, -0.296, -1.924
228, kyonkyoco, -0.225, -0.093, -0.298, -0.209, -0.297, -0.179, -0.320, -0.303, -1.925
229, Adel Valiullin, -0.223, -0.101, -0.289, -0.208, -0.301, -0.187, -0.319, -0.296, -1.924
230, Duyen Duong Lam Cau, -0.224, -0.110, -0.286, -0.209, -0.300, -0.182, -0.317, -0.295, -1.924
231, GorakGarak, -0.223, -0.097, -0.292, -0.209, -0.300, -0.183, -0.322, -0.296, -1.923
232, No Domain Knowledge, -0.229, -0.104, -0.284, -0.216, -0.299, -0.183, -0.316, -0.295, -1.925
233, PeterM, -0.237, -0.120, -0.249, -0.209, -0.292, -0.195, -0.324, -0.297, -1.924
234, fkubota, -0.223, -0.095, -0.291, -0.211, -0.298, -0.181, -0.324, -0.300, -1.923
235, devai01, -0.224, -0.104, -0.288, -0.213, -0.296, -0.184, -0.317, -0.296, -1.922
236, Shinsei66, -0.221, -0.102, -0.290, -0.212, -0.296, -0.187, -0.318, -0.294, -1.921
237, konbuiyon, -0.228, -0.097, -0.292, -0.211, -0.304, -0.172, -0.319, -0.297, -1.920
238, PenghaoWang_supersaiyan, -0.224, -0.118, -0.288, -0.200, -0.292, -0.184, -0.318, -0.295, -1.920
239, Nico Odulio, -0.223, -0.100, -0.291, -0.208, -0.301, -0.184, -0.315, -0.297, -1.917
240, kawanot, -0.219, -0.095, -0.291, -0.205, -0.301, -0.186, -0.323, -0.297, -1.917
241, kiyomomo, -0.225, -0.102, -0.289, -0.210, -0.302, -0.184, -0.311, -0.294, -1.917
242, Aki Sheeran, -0.222, -0.110, -0.286, -0.209, -0.304, -0.186, -0.310, -0.290, -1.916
243, ueonofei, -0.223, -0.103, -0.287, -0.210, -0.305, -0.181, -0.312, -0.294, -1.916
244, ZXAI_A1801, -0.220, -0.101, -0.288, -0.208, -0.301, -0.184, -0.318, -0.295, -1.915
245, ZX_, -0.220, -0.100, -0.288, -0.208, -0.301, -0.184, -0.318, -0.295, -1.915
246, Ernesto Budia, -0.225, -0.098, -0.291, -0.212, -0.294, -0.178, -0.321, -0.295, -1.913
247, MoleculesHunter, -0.221, -0.093, -0.291, -0.207, -0.300, -0.181, -0.321, -0.299, -1.913
248, SeeMolecular, -0.221, -0.101, -0.287, -0.207, -0.300, -0.183, -0.317, -0.295, -1.911
249, Kaggle50, -0.221, -0.094, -0.290, -0.209, -0.298, -0.179, -0.321, -0.299, -1.911
250, Mishunyayev Nikita, -0.222, -0.094, -0.291, -0.209, -0.300, -0.178, -0.320, -0.297, -1.912
251, kawahiro, -0.221, -0.090, -0.292, -0.207, -0.298, -0.178, -0.324, -0.301, -1.911
252, Late to merger, -0.214, -0.102, -0.288, -0.208, -0.305, -0.185, -0.315, -0.295, -1.913
253, Vladimir Boichenko, -0.220, -0.091, -0.291, -0.207, -0.299, -0.182, -0.321, -0.299, -1.910
254, Ivan Panshin, -0.222, -0.104, -0.285, -0.206, -0.301, -0.189, -0.312, -0.293, -1.911
255, Heng CherKeng, -0.221, -0.096, -0.289, -0.207, -0.297, -0.180, -0.320, -0.298, -1.909
256, Toro, -0.220, -0.095, -0.289, -0.207, -0.302, -0.180, -0.319, -0.297, -1.910
257, HelloW10, -0.227, -0.093, -0.281, -0.199, -0.293, -0.181, -0.331, -0.305, -1.910
258, Koyano, -0.223, -0.103, -0.286, -0.209, -0.301, -0.186, -0.311, -0.291, -1.909
259, Wa666, -0.221, -0.097, -0.289, -0.207, -0.297, -0.180, -0.319, -0.298, -1.908
260, Going deeper, -0.219, -0.093, -0.291, -0.207, -0.299, -0.181, -0.321, -0.297, -1.908
261, SongYing, -0.221, -0.093, -0.290, -0.207, -0.297, -0.179, -0.321, -0.299, -1.907
262, [odsai] ms, -0.216, -0.102, -0.286, -0.210, -0.305, -0.191, -0.314, -0.283, -1.907
263, [odsai] bobbqe, -0.219, -0.093, -0.290, -0.207, -0.299, -0.181, -0.320, -0.297, -1.906
264, yunhu ye, -0.224, -0.102, -0.286, -0.207, -0.298, -0.184, -0.311, -0.293, -1.904
265, Comparus AI, -0.219, -0.088, -0.290, -0.204, -0.295, -0.191, -0.320, -0.298, -1.905
266, Vladimir Demidov, -0.220, -0.100, -0.287, -0.206, -0.299, -0.185, -0.313, -0.294, -1.905
267, dairatom, -0.222, -0.090, -0.292, -0.207, -0.295, -0.176, -0.321, -0.300, -1.904
268, Branden Spencer, -0.221, -0.096, -0.289, -0.209, -0.293, -0.180, -0.320, -0.295, -1.903
269, Deep Overflow, -0.221, -0.102, -0.286, -0.206, -0.300, -0.186, -0.311, -0.292, -1.903
270, Aicanghai_Smile, -0.221, -0.104, -0.287, -0.209, -0.297, -0.184, -0.312, -0.290, -1.903
271, Flavien Gelineau, -0.220, -0.100, -0.286, -0.206, -0.300, -0.185, -0.312, -0.293, -1.902
272, Scirpus, -0.219, -0.095, -0.288, -0.205, -0.298, -0.181, -0.319, -0.297, -1.902
273, gaosq0604, -0.217, -0.092, -0.288, -0.206, -0.299, -0.180, -0.321, -0.298, -1.900
274, Mathurin Ach, -0.220, -0.092, -0.289, -0.205, -0.298, -0.180, -0.319, -0.297, -1.901
275, huiqin, -0.220, -0.104, -0.284, -0.206, -0.302, -0.185, -0.310, -0.290, -1.901
276, Anto, -0.218, -0.091, -0.290, -0.205, -0.298, -0.179, -0.321, -0.298, -1.900
277, ume08, -0.221, -0.091, -0.290, -0.207, -0.297, -0.177, -0.320, -0.298, -1.899
278, Amit Kumar Jaiswal, -0.219, -0.092, -0.288, -0.209, -0.307, -0.174, -0.318, -0.293, -1.899
279, Puck Wang, -0.222, -0.100, -0.285, -0.209, -0.297, -0.181, -0.312, -0.293, -1.900
280, Jingyuan Chen, -0.223, -0.090, -0.291, -0.208, -0.293, -0.171, -0.322, -0.300, -1.899
281, ManojPrabhakar, -0.221, -0.089, -0.291, -0.206, -0.296, -0.176, -0.321, -0.298, -1.899
282, londalemex, -0.222, -0.091, -0.290, -0.209, -0.298, -0.173, -0.320, -0.296, -1.899
283, Tan Fengji, -0.221, -0.091, -0.290, -0.207, -0.298, -0.175, -0.319, -0.297, -1.899
284, jemiam, -0.221, -0.102, -0.286, -0.207, -0.297, -0.186, -0.310, -0.290, -1.899
285, ChKranthi Kumar, -0.221, -0.090, -0.290, -0.206, -0.297, -0.176, -0.320, -0.299, -1.899
286, littlexiaogui, -0.220, -0.094, -0.289, -0.206, -0.298, -0.178, -0.319, -0.296, -1.899
287, Bai Yizhe, -0.220, -0.090, -0.291, -0.206, -0.297, -0.175, -0.320, -0.298, -1.897
288, Mike G, -0.218, -0.100, -0.284, -0.205, -0.302, -0.182, -0.315, -0.291, -1.897
289, Kang, -0.219, -0.089, -0.290, -0.205, -0.296, -0.176, -0.320, -0.298, -1.895
290, Anthony Onwuli, -0.224, -0.095, -0.288, -0.207, -0.297, -0.174, -0.316, -0.294, -1.894
291, lose with dignity, -0.216, -0.095, -0.286, -0.203, -0.298, -0.183, -0.318, -0.294, -1.894
292, Gideon Vos, -0.220, -0.090, -0.290, -0.206, -0.297, -0.176, -0.319, -0.297, -1.895
293, GraphConv Champions, -0.219, -0.088, -0.290, -0.204, -0.296, -0.176, -0.321, -0.299, -1.893
294, Toulousains, -0.219, -0.095, -0.287, -0.204, -0.297, -0.180, -0.318, -0.295, -1.893
295, Marek, -0.219, -0.089, -0.289, -0.205, -0.296, -0.177, -0.320, -0.298, -1.893
296, SatoYuki, -0.219, -0.089, -0.290, -0.204, -0.296, -0.177, -0.320, -0.298, -1.892
297, Taylor, -0.219, -0.093, -0.286, -0.204, -0.298, -0.180, -0.318, -0.295, -1.892
298, TrungNguyen, -0.218, -0.103, -0.285, -0.208, -0.290, -0.184, -0.320, -0.284, -1.892
299, Koozyt_Hiperdyne, -0.215, -0.094, -0.288, -0.202, -0.299, -0.182, -0.318, -0.296, -1.893
300, Lang Sys, -0.217, -0.090, -0.289, -0.204, -0.296, -0.178, -0.320, -0.298, -1.892
301, , -0.218, -0.091, -0.288, -0.204, -0.296, -0.178, -0.319, -0.297, -1.892
302, Justin Faler, -0.219, -0.089, -0.289, -0.204, -0.296, -0.176, -0.320, -0.298, -1.892
303, Kagengers, -0.210, -0.095, -0.278, -0.204, -0.285, -0.186, -0.333, -0.301, -1.893
304, , -0.219, -0.088, -0.290, -0.205, -0.295, -0.176, -0.320, -0.298, -1.891
305, Cshire, -0.219, -0.089, -0.289, -0.204, -0.295, -0.176, -0.320, -0.298, -1.891
306, Vincent Lugat, -0.219, -0.089, -0.289, -0.204, -0.295, -0.176, -0.320, -0.298, -1.891
307, Steve Jenkins, -0.218, -0.089, -0.289, -0.204, -0.295, -0.177, -0.320, -0.298, -1.891
308, Team Toll, -0.219, -0.088, -0.290, -0.205, -0.295, -0.176, -0.320, -0.298, -1.890
309, CS, -0.230, -0.065, -0.301, -0.229, -0.272, -0.146, -0.342, -0.306, -1.891
310, linkedincominphilipphil, -0.219, -0.088, -0.290, -0.204, -0.295, -0.176, -0.320, -0.298, -1.890
311, Abdelwahed Assklou, -0.219, -0.088, -0.290, -0.204, -0.295, -0.176, -0.320, -0.298, -1.890
312, alijs, -0.216, -0.096, -0.285, -0.201, -0.297, -0.184, -0.317, -0.294, -1.889
313, therealmathisk, -0.219, -0.088, -0.290, -0.204, -0.295, -0.176, -0.320, -0.298, -1.890
321, mochidan, -0.219, -0.088, -0.290, -0.204, -0.295, -0.176, -0.320, -0.298, -1.890
328, Nika Zhidkonozhkina, -0.219, -0.088, -0.290, -0.204, -0.295, -0.176, -0.320, -0.298, -1.890
329, Nefsi, -0.219, -0.089, -0.289, -0.203, -0.296, -0.176, -0.320, -0.297, -1.889
330, Eran Aharonovich, -0.219, -0.088, -0.290, -0.204, -0.295, -0.176, -0.320, -0.298, -1.889
332, roush, -0.215, -0.098, -0.283, -0.205, -0.304, -0.185, -0.312, -0.287, -1.890
333, guoming, -0.217, -0.099, -0.282, -0.205, -0.288, -0.180, -0.320, -0.295, -1.886
334, sakki55, -0.216, -0.092, -0.283, -0.207, -0.309, -0.183, -0.310, -0.285, -1.886
335, Dhananjay Raut, -0.210, -0.092, -0.276, -0.200, -0.289, -0.188, -0.328, -0.300, -1.885
336, SVJDataGeek, -0.216, -0.092, -0.288, -0.205, -0.290, -0.177, -0.320, -0.295, -1.884
337, Noah Weber, -0.220, -0.088, -0.289, -0.205, -0.296, -0.172, -0.319, -0.296, -1.885
340, , -0.218, -0.089, -0.288, -0.203, -0.295, -0.176, -0.319, -0.297, -1.885
341, alexx, -0.219, -0.088, -0.289, -0.205, -0.296, -0.172, -0.319, -0.296, -1.884
342, Ibrahim Cebeci, -0.222, -0.092, -0.287, -0.209, -0.296, -0.172, -0.314, -0.294, -1.885
343, , -0.221, -0.103, -0.282, -0.209, -0.293, -0.180, -0.306, -0.289, -1.883
344, Irina Petrova, -0.221, -0.094, -0.286, -0.204, -0.294, -0.179, -0.314, -0.292, -1.883
345, Balast, -0.217, -0.093, -0.285, -0.203, -0.295, -0.180, -0.316, -0.293, -1.882
346, Ronnie Wang, -0.216, -0.099, -0.283, -0.204, -0.299, -0.182, -0.311, -0.289, -1.881
347, silverstone, -0.218, -0.087, -0.289, -0.204, -0.291, -0.174, -0.320, -0.298, -1.881
348, Tatiana Malygina, -0.217, -0.088, -0.287, -0.203, -0.295, -0.175, -0.319, -0.297, -1.879
349, Tbone, -0.216, -0.091, -0.287, -0.204, -0.300, -0.177, -0.318, -0.287, -1.880
350, SciRenovation, -0.216, -0.089, -0.285, -0.201, -0.296, -0.176, -0.318, -0.298, -1.879
351, , -0.216, -0.102, -0.282, -0.204, -0.301, -0.181, -0.308, -0.287, -1.880
352, Markus Wittkowski, -0.213, -0.091, -0.286, -0.200, -0.297, -0.178, -0.317, -0.293, -1.876
353, qwtsc, -0.223, -0.102, -0.282, -0.208, -0.295, -0.181, -0.302, -0.285, -1.879
354, sandy1112, -0.217, -0.092, -0.285, -0.202, -0.295, -0.178, -0.315, -0.293, -1.876
355, Kwangnam Yu, -0.216, -0.087, -0.287, -0.201, -0.293, -0.175, -0.319, -0.297, -1.876
356, Jack nick, -0.214, -0.091, -0.285, -0.201, -0.293, -0.179, -0.317, -0.295, -1.874
357, DmitryBuslov, -0.217, -0.092, -0.284, -0.203, -0.293, -0.177, -0.315, -0.293, -1.874
358, Gultekin Gunduz, -0.214, -0.094, -0.280, -0.201, -0.301, -0.183, -0.312, -0.287, -1.873
359, ShB, -0.215, -0.089, -0.288, -0.202, -0.291, -0.174, -0.318, -0.296, -1.874
360, Hashem Alsaket, -0.218, -0.089, -0.288, -0.203, -0.292, -0.173, -0.317, -0.296, -1.877
361, hedingkun, -0.213, -0.090, -0.284, -0.200, -0.295, -0.180, -0.317, -0.293, -1.871
362, 2 Sabanci 1 Adam IHK, -0.215, -0.093, -0.284, -0.201, -0.294, -0.178, -0.315, -0.292, -1.871
363, Ray777, -0.219, -0.091, -0.285, -0.204, -0.294, -0.174, -0.313, -0.291, -1.871
364, Bruce Tilton, -0.216, -0.088, -0.286, -0.201, -0.292, -0.176, -0.318, -0.295, -1.871
366, , -0.214, -0.090, -0.285, -0.200, -0.296, -0.176, -0.317, -0.293, -1.870
367, Ravijeet, -0.215, -0.090, -0.285, -0.200, -0.294, -0.176, -0.316, -0.293, -1.870
368, Paulo Pinto, -0.215, -0.084, -0.288, -0.201, -0.290, -0.173, -0.321, -0.298, -1.869
369, Giorgos and Pets, -0.218, -0.086, -0.287, -0.204, -0.295, -0.168, -0.317, -0.294, -1.870
370, PrasunMishra, -0.216, -0.089, -0.285, -0.201, -0.294, -0.175, -0.317, -0.293, -1.869
371, lichen, -0.218, -0.087, -0.287, -0.204, -0.294, -0.168, -0.317, -0.294, -1.870
372, Jaime Badiola, -0.217, -0.089, -0.285, -0.202, -0.286, -0.176, -0.318, -0.294, -1.868
373, ChiaTa Tsai, -0.218, -0.089, -0.286, -0.204, -0.293, -0.174, -0.313, -0.292, -1.869
374, asteriam, -0.219, -0.093, -0.287, -0.203, -0.295, -0.173, -0.310, -0.288, -1.868
375, JuanSolo Francis Bedingfield, -0.215, -0.091, -0.284, -0.200, -0.293, -0.177, -0.316, -0.293, -1.867
376, Mr Nik, -0.216, -0.089, -0.285, -0.201, -0.293, -0.174, -0.316, -0.293, -1.867
377, ZuoVJ, -0.214, -0.084, -0.287, -0.201, -0.291, -0.174, -0.319, -0.297, -1.867
378, Ihor Shylo, -0.214, -0.098, -0.281, -0.207, -0.288, -0.182, -0.312, -0.286, -1.867
379, OgushiMasaya, -0.215, -0.087, -0.284, -0.202, -0.291, -0.177, -0.317, -0.293, -1.866
380, sssdds, -0.215, -0.089, -0.284, -0.201, -0.292, -0.175, -0.316, -0.293, -1.866
381, Joo Pedro Peinado, -0.217, -0.089, -0.286, -0.203, -0.289, -0.173, -0.316, -0.293, -1.866
382, funkyboy, -0.219, -0.101, -0.284, -0.205, -0.299, -0.179, -0.298, -0.282, -1.866
383, NxGTR, -0.216, -0.089, -0.285, -0.198, -0.293, -0.173, -0.317, -0.294, -1.864
384, OU, -0.216, -0.096, -0.283, -0.201, -0.292, -0.179, -0.309, -0.289, -1.866
385, Michel ML, -0.215, -0.087, -0.285, -0.200, -0.291, -0.174, -0.317, -0.294, -1.864
386, skyneteyes, -0.217, -0.087, -0.285, -0.202, -0.288, -0.172, -0.316, -0.296, -1.863
387, AlexVale, -0.216, -0.083, -0.287, -0.203, -0.292, -0.168, -0.319, -0.295, -1.863
388, [odsai] Dmitriy Ershov, -0.216, -0.087, -0.285, -0.198, -0.291, -0.173, -0.317, -0.294, -1.861
389, Omar, -0.215, -0.088, -0.285, -0.199, -0.292, -0.174, -0.317, -0.294, -1.862
390, Andrew Zolotarev, -0.216, -0.088, -0.285, -0.200, -0.290, -0.173, -0.316, -0.293, -1.861
391, Raghawendra Singh, -0.215, -0.087, -0.284, -0.200, -0.291, -0.174, -0.316, -0.293, -1.861
392, suda, -0.216, -0.104, -0.278, -0.201, -0.294, -0.183, -0.301, -0.284, -1.861
393, Pietro and Arthur and Luca, -0.210, -0.087, -0.285, -0.197, -0.289, -0.180, -0.318, -0.295, -1.861
394, lynesyChen, -0.212, -0.090, -0.282, -0.199, -0.293, -0.179, -0.314, -0.291, -1.860
395, takaakiinada, -0.215, -0.088, -0.285, -0.200, -0.289, -0.173, -0.317, -0.293, -1.860
396, Saurabh7, -0.213, -0.086, -0.286, -0.201, -0.294, -0.171, -0.315, -0.294, -1.860
397, Serigne, -0.215, -0.088, -0.284, -0.200, -0.288, -0.173, -0.316, -0.293, -1.858
398, Alexander Kovalev, -0.212, -0.092, -0.282, -0.199, -0.295, -0.177, -0.309, -0.289, -1.856
399, hatry, -0.213, -0.094, -0.280, -0.199, -0.290, -0.178, -0.310, -0.289, -1.855
400, kamakal_vectors, -0.216, -0.091, -0.282, -0.201, -0.284, -0.174, -0.314, -0.289, -1.852
